record_id,date,day_of_week,participant_id,meal_type,arrival_time,weekend,queue_length,waiting_min,eating_min,total_min
1,2026-09-21,Monday,P1,Breakfast,8:10,0,4,2,16,18
2,2026-09-21,Monday,P1,Lunch,12:45,0,9,4,31,35
3,2026-09-21,Monday,P1,Tea,17:07,0,2,1,7,8
4,2026-09-21,Monday,P1,Dinner,20:06,0,8,4,27,31
5,2026-09-22,Tuesday,P1,Breakfast,9:21,0,7,3,20,23
6,2026-09-22,Tuesday,P1,Lunch,13:12,0,13,5,32,37
7,2026-09-22,Tuesday,P1,Tea,17:50,0,3,1,5,6
8,2026-09-22,Tuesday,P1,Dinner,19:36,0,11,5,26,31
9,2026-09-23,Wednesday,P1,Breakfast,9:12,0,6,2,17,19
10,2026-09-23,Wednesday,P1,Lunch,14:05,0,2,1,26,27
11,2026-09-23,Wednesday,P1,Tea,18:00,0,3,1,6,7
12,2026-09-23,Wednesday,P1,Dinner,21:00,0,5,2,28,30
13,2026-09-24,Thursday,P1,Breakfast,7:45,0,0,0,16,16
14,2026-09-24,Thursday,P1,Lunch,13:00,0,16,6,34,40
15,2026-09-24,Thursday,P1,Tea,17:34,0,4,1,8,9
16,2026-09-24,Thursday,P1,Dinner,20:00,0,6,2,32,34
17,2026-09-25,Friday,P1,Breakfast,8:50,0,7,3,22,24
18,2026-09-25,Friday,P1,Lunch,13:15,0,13,5,37,42
19,2026-09-25,Friday,P1,Tea,17:26,0,5,2,9,11
20,2026-09-25,Friday,P1,Dinner,19:45,0,10,3,34,37
21,2026-09-26,Saturday,P1,Breakfast,9:50,1,14,5,20,25
22,2026-09-26,Saturday,P1,Lunch,14:15,1,9,3,29,33
23,2026-09-26,Saturday,P1,Tea,17:55,1,3,1,7,8
24,2026-09-26,Saturday,P1,Dinner,21:10,1,1,0,30,20
25,2026-09-27,Sunday,P1,Breakfast,9:40,1,15,6,18,24
26,2026-09-27,Sunday,P1,Lunch,14:30,1,3,1,30,31
27,2026-09-27,Sunday,P1,Tea,17:49,1,5,2,9,11
28,2026-09-27,Sunday,P1,Dinner,20:30,1,20,10,35,45
29,2026-09-28,Monday,P1,Breakfast,8:46,0,8,3,19,22
30,2026-09-28,Monday,P1,Lunch,14:08,0,5,2,31,33
31,2026-09-28,Monday,P1,Tea,17:35,0,4,1,8,9
32,2026-09-28,Monday,P1,Dinner,20:45,0,8,3,30,33
33,2026-09-29,Tuesday,P1,Breakfast,8:15,0,5,2,21,23
34,2026-09-29,Tuesday,P1,Lunch,13:14,0,13,5,35,40
35,2026-09-29,Tuesday,P1,Tea,17:45,0,5,2,5,7
36,2026-09-29,Tuesday,P1,Dinner,21:05,0,4,1,34,35
37,2026-09-30,Wednesday,P1,Breakfast,7:45,0,2,1,20,21
38,2026-09-30,Wednesday,P1,Lunch,12:30,0,3,1,31,32
39,2026-09-30,Wednesday,P1,Tea,17:02,0,5,2,7,9
40,2026-09-30,Wednesday,P1,Dinner,19:56,0,15,6,36,42
41,2026-10-01,Thursday,P1,Breakfast,8:50,0,11,4,23,27
42,2026-10-01,Thursday,P1,Lunch,1:50,0,5,2,35,39
43,2026-10-01,Thursday,P1,Tea,5:43,0,4,2,4,6
44,2026-10-01,Thursday,P1,Dinner,19:43,0,15,6,34,40
45,2026-10-02,Friday,P1,Breakfast,7:36,0,2,1,20,21
46,2026-10-02,Friday,P1,Lunch,13:40,0,0,0,28,28
47,2026-10-02,Friday,P1,Tea,17:00,0,3,1,6,7
48,2026-10-02,Friday,P1,Dinner,20:10,0,25,10,35,45
49,2026-10-03,Saturday,P1,Breakfast,9:35,1,5,2,21,23
50,2026-10-03,Saturday,P1,Lunch,13:45,1,14,6,35,41
51,2026-10-03,Saturday,P1,Tea,17:10,1,3,1,7,8
52,2026-10-03,Saturday,P1,Dinner,19:46,1,4,2,31,33
53,2026-10-04,Sunday,P1,Breakfast,9:16,1,4,2,20,22
54,2026-10-04,Sunday,P1,Lunch,12:50,1,7,3,26,29
55,2026-10-04,Sunday,P1,Tea,18:00,1,1,0,5,5
56,2026-10-04,Sunday,P1,Dinner,19:57,1,6,3,35,38