record_id,date,day_of_week,time,day_type,category,participant_id,crowd_level,waiting_min,total_min
1,21-09-2026,Monday,8:05,Weekday,Breakfast,P1,Low,1,13
2,21-09-2026,Monday,12:42,Weekday,Lunch,P1,Medium,4,18
3,21-09-2026,Monday,17:18,Weekday,Tea,P1,Low,0,7
4,21-09-2026,Monday,19:48,Weekday,Dinner,P1,Medium,4,19
5,22-09-2026,Tuesday,8:18,Weekday,Breakfast,P1,Low,3,15
6,22-09-2026,Tuesday,13:27,Weekday,Lunch,P1,High,5,23
7,22-09-2026,Tuesday,17:32,Weekday,Tea,P1,Low,1,9
8,22-09-2026,Tuesday,19:52,Weekday,Dinner,P1,Medium,5,21
9,23-09-2026,Wednesday,7:52,Weekday,Breakfast,P1,Low,2,14
10,23-09-2026,Wednesday,13:34,Weekday,Lunch,P1,High,6,24
11,23-09-2026,Wednesday,17:34,Weekday,Tea,P1,Medium,3,11
12,23-09-2026,Wednesday,19:44,Weekday,Dinner,P1,Medium,4,20
13,24-09-2026,Thursday,7:42,Weekday,Breakfast,P1,Low,2,12
14,24-09-2026,Thursday,12:38,Weekday,Lunch,P1,Low,1,17
15,24-09-2026,Thursday,17:21,Weekday,Tea,P1,Low,0,6
16,24-09-2026,Thursday,20:03,Weekday,Dinner,P1,Medium,3,18
17,25-09-2026,Friday,8:31,Holiday,Breakfast,P1,Low,2,16
18,25-09-2026,Friday,12:51,Holiday,Lunch,P1,High,6,22
19,25-09-2026,Friday,17:39,Holiday,Tea,P1,Low,1,8
20,25-09-2026,Friday,19:57,Holiday,Dinner,P1,Medium,4,23
21,26-09-2026,Saturday,8:32,Weekend,Breakfast,P1,Low,2,14
22,26-09-2026,Saturday,12:46,Weekend,Lunch,P1,Low,3,18
23,26-09-2026,Saturday,17:21,Weekend,Tea,P1,Low,2,10
24,26-09-2026,Saturday,19:51,Weekend,Dinner,P1,Medium,3,20
25,27-09-2026,Sunday,8:47,Weekend,Breakfast,P1,Low,3,15
26,27-09-2026,Sunday,13:01,Weekend,Lunch,P1,Medium,4,20
27,27-09-2026,Sunday,17:41,Weekend,Tea,P1,Low,1,9
28,27-09-2026,Sunday,20:06,Weekend,Dinner,P1,High,6,31
29,28-09-2026,Monday,7:46,Weekday,Breakfast,P1,Low,2,13
30,28-09-2026,Monday,12:44,Weekday,Lunch,P1,Medium,4,20
31,28-09-2026,Monday,17:12,Weekday,Tea,P1,Low,0,8
32,28-09-2026,Monday,19:46,Weekday,Dinner,P1,Medium,3,21
33,29-09-2026,Tuesday,8:23,Weekday,Breakfast,P1,Low,2,16
34,29-09-2026,Tuesday,13:31,Weekday,Lunch,P1,High,5,22
35,29-09-2026,Tuesday,17:48,Weekday,Tea,P1,Medium,4,11
36,29-09-2026,Tuesday,19:54,Weekday,Dinner,P1,Medium,3,22
37,30-09-2026,Wednesday,8:01,Weekday,Breakfast,P1,Low,2,14
38,30-09-2026,Wednesday,13:38,Weekday,Lunch,P1,High,6,25
39,30-09-2026,Wednesday,17:43,Weekday,Tea,P1,Low,2,9
40,30-09-2026,Wednesday,20:08,Weekday,Dinner,P1,High,10,48
41,01-10-2026,Thursday,7:55,Weekday,Breakfast,P1,Low,2,12
42,01-10-2026,Thursday,12:41,Weekday,Lunch,P1,Medium,4,19
43,01-10-2026,Thursday,17:16,Weekday,Tea,P1,Low,1,7
44,01-10-2026,Thursday,19:47,Weekday,Dinner,P1,Medium,3,20
45,02-10-2026,Friday,8:34,Holiday,Breakfast,P1,Low,2,15
46,02-10-2026,Friday,12:50,Holiday,Lunch,P1,High,6,27
47,02-10-2026,Friday,17:43,Holiday,Tea,P1,Medium,2,10
48,02-10-2026,Friday,19:58,Holiday,Dinner,P1,Medium,4,22
49,03-10-2026,Saturday,8:47,Weekday,Breakfast,P1,Medium,5,16
50,03-10-2026,Saturday,12:43,Weekday,Lunch,P1,Medium,3,21
51,03-10-2026,Saturday,17:31,Weekday,Tea,P1,Low,0,8
52,03-10-2026,Saturday,19:52,Weekday,Dinner,P1,Medium,4,19
53,04-10-2026,Sunday,8:53,Weekend,Breakfast,P1,Low,2,14
54,04-10-2026,Sunday,13:18,Weekend,Lunch,P1,Medium,3,21
55,04-10-2026,Sunday,17:36,Weekend,Tea,P1,Low,1,10
56,04-10-2026,Sunday,20:11,Weekend,Dinner,P1,High,7,29
57,21-09-2026,Monday,8:10,Weekday,Breakfast,P2,Low,2,18
58,22-09-2026,Tuesday,9:21,Weekday,Breakfast,P2,Medium,3,23
59,23-09-2026,Wednesday,9:12,Weekday,Breakfast,P2,Medium,2,19
60,24-09-2026,Thursday,7:45,Weekday,Breakfast,P2,Low,0,16
61,25-09-2026,Friday,8:50,Holiday,Breakfast,P2,Medium,3,24
62,26-09-2026,Saturday,9:50,Weekend,Breakfast,P2,High,5,25
63,27-09-2026,Sunday,9:40,Weekend,Breakfast,P2,High,6,24
64,28-09-2026,Monday,8:46,Weekday,Breakfast,P2,Medium,3,22
65,29-09-2026,Tuesday,8:15,Weekday,Breakfast,P2,Medium,2,23
66,30-09-2026,Wednesday,7:45,Weekday,Breakfast,P2,Low,1,21
67,01-10-2026,Thursday,8:50,Weekday,Breakfast,P2,High,4,27
68,02-10-2026,Friday,7:36,Holiday,Breakfast,P2,Low,1,21
69,03-10-2026,Saturday,9:35,Weekday,Breakfast,P2,Medium,2,23
70,04-10-2026,Sunday,9:16,Weekend,Breakfast,P2,Low,2,22
71,21-09-2026,Monday,12:45,Weekday,Lunch,P2,Medium,4,35
72,22-09-2026,Tuesday,13:12,Weekday,Lunch,P2,High,5,37
73,23-09-2026,Wednesday,14:05,Weekday,Lunch,P2,Low,1,27
74,24-09-2026,Thursday,13:00,Weekday,Lunch,P2,High,6,40
75,25-09-2026,Friday,13:15,Holiday,Lunch,P2,High,5,42
76,26-09-2026,Saturday,14:15,Weekend,Lunch,P2,Medium,3,33
77,27-09-2026,Sunday,14:30,Weekend,Lunch,P2,Low,1,31
78,28-09-2026,Monday,14:08,Weekday,Lunch,P2,Medium,2,33
79,29-09-2026,Tuesday,13:14,Weekday,Lunch,P2,High,5,40
80,30-09-2026,Wednesday,12:30,Weekday,Lunch,P2,Low,1,32
81,01-10-2026,Thursday,13:50,Weekday,Lunch,P2,Medium,2,39
82,02-10-2026,Friday,13:40,Holiday,Lunch,P2,Low,0,28
83,03-10-2026,Saturday,13:45,Weekday,Lunch,P2,High,6,41
84,04-10-2026,Sunday,12:50,Weekend,Lunch,P2,Medium,3,29
85,21-09-2026,Monday,17:07,Weekday,Tea,P2,Low,1,8
86,22-09-2026,Tuesday,17:50,Weekday,Tea,P2,Low,1,6
87,23-09-2026,Wednesday,18:00,Weekday,Tea,P2,Low,1,7
88,24-09-2026,Thursday,17:34,Weekday,Tea,P2,Low,1,9
89,25-09-2026,Friday,17:26,Holiday,Tea,P2,Medium,2,11
90,26-09-2026,Saturday,17:55,Weekend,Tea,P2,Low,1,8
91,27-09-2026,Sunday,17:49,Weekend,Tea,P2,Medium,2,11
92,28-09-2026,Monday,17:35,Weekday,Tea,P2,Low,1,9
93,29-09-2026,Tuesday,17:45,Weekday,Tea,P2,Medium,2,7
94,30-09-2026,Wednesday,17:02,Weekday,Tea,P2,Medium,2,9
95,01-10-2026,Thursday,17:43,Weekday,Tea,P2,Low,2,6
96,02-10-2026,Friday,17:00,Holiday,Tea,P2,Low,1,7
97,03-10-2026,Saturday,17:10,Weekday,Tea,P2,Low,1,8
98,04-10-2026,Sunday,18:00,Weekend,Tea,P2,Low,0,5
99,21-09-2026,Monday,20:06,Weekday,Dinner,P2,Medium,4,31
100,22-09-2026,Tuesday,19:36,Weekday,Dinner,P2,High,5,31
101,23-09-2026,Wednesday,21:00,Weekday,Dinner,P2,Medium,2,30
102,24-09-2026,Thursday,20:00,Weekday,Dinner,P2,Medium,2,34
103,25-09-2026,Friday,19:45,Holiday,Dinner,P2,High,3,37
104,26-09-2026,Saturday,21:10,Weekend,Dinner,P2,Low,0,20
105,27-09-2026,Sunday,20:30,Weekend,Dinner,P2,High,10,45
106,28-09-2026,Monday,20:45,Weekday,Dinner,P2,Medium,3,33
107,29-09-2026,Tuesday,21:05,Weekday,Dinner,P2,Low,1,35
108,30-09-2026,Wednesday,19:56,Weekday,Dinner,P2,High,6,42
109,01-10-2026,Thursday,19:43,Weekday,Dinner,P2,High,6,40
110,02-10-2026,Friday,20:10,Holiday,Dinner,P2,High,10,45
111,03-10-2026,Saturday,19:46,Weekday,Dinner,P2,Low,2,33
112,04-10-2026,Sunday,19:57,Weekend,Dinner,P2,Medium,3,38